{"cameraMode":{"drawMode":0,"name":"Shaded","section":"Shading Mode"},"sceneLighting":false,"audioPlay":false,"sceneViewState":{"m_AlwaysRefresh":false,"showFog":true,"showSkybox":false,"showFlares":true,"showImageEffects":true,"showParticleSystems":true,"showVisualEffectGraphs":true,"m_FxEnabled":true},"in2DMode":false,"pivot":{"x":365.5521545410156,"y":12.317251205444336,"z":-28.61529541015625},"rotation":{"x":0.009894845075905323,"y":0.0254962258040905,"z":-0.00025140310754068196,"w":0.9996287226676941},"size":423.0093078613281,"orthographic":false}