{"cameraMode":{"drawMode":0,"name":"Shaded","section":"Shading Mode"},"sceneLighting":false,"audioPlay":false,"sceneViewState":{"m_AlwaysRefresh":false,"showFog":true,"showSkybox":false,"showFlares":true,"showImageEffects":true,"showParticleSystems":true,"showVisualEffectGraphs":true,"m_FxEnabled":true},"in2DMode":false,"pivot":{"x":166.53207397460938,"y":419.0781555175781,"z":15.394073486328125},"rotation":{"x":-0.0186002217233181,"y":0.00899843592196703,"z":0.00016860604227986187,"w":0.9997919201850891},"size":102.76567077636719,"orthographic":false}