{"cameraMode":{"drawMode":0,"name":"Shaded","section":"Shading Mode"},"sceneLighting":false,"audioPlay":false,"sceneViewState":{"m_AlwaysRefresh":false,"showFog":true,"showSkybox":false,"showFlares":true,"showImageEffects":true,"showParticleSystems":true,"showVisualEffectGraphs":true,"m_FxEnabled":true},"in2DMode":false,"pivot":{"x":151.59420776367188,"y":500.06927490234377,"z":13.538169860839844},"rotation":{"x":0.011397217400372029,"y":-0.010499079711735249,"z":0.00012086804053978994,"w":0.9998852610588074},"size":88.2719497680664,"orthographic":false}