{"cameraMode":{"drawMode":0,"name":"Shaded","section":"Shading Mode"},"sceneLighting":false,"audioPlay":false,"sceneViewState":{"m_AlwaysRefresh":false,"showFog":true,"showSkybox":false,"showFlares":true,"showImageEffects":true,"showParticleSystems":true,"showVisualEffectGraphs":true,"m_FxEnabled":true},"in2DMode":false,"pivot":{"x":174.49935913085938,"y":409.5989990234375,"z":11.955818176269532},"rotation":{"x":0.011397217400372029,"y":-0.010499079711735249,"z":0.00012086804053978994,"w":0.9998852610588074},"size":103.93329620361328,"orthographic":false}