{"cameraMode":{"drawMode":0,"name":"Shaded","section":"Shading Mode"},"sceneLighting":false,"audioPlay":false,"sceneViewState":{"m_AlwaysRefresh":false,"showFog":true,"showSkybox":false,"showFlares":true,"showImageEffects":true,"showParticleSystems":true,"showVisualEffectGraphs":true,"m_FxEnabled":true},"in2DMode":false,"pivot":{"x":338.84869384765627,"y":210.47117614746095,"z":24.71783447265625},"rotation":{"x":0.005398014560341835,"y":-0.0029998808167874815,"z":0.0000173880052898312,"w":0.999986469745636},"size":293.6128845214844,"orthographic":false}