{"cameraMode":{"drawMode":0,"name":"Shaded","section":"Shading Mode"},"sceneLighting":false,"audioPlay":false,"sceneViewState":{"m_AlwaysRefresh":false,"showFog":true,"showSkybox":false,"showFlares":true,"showImageEffects":true,"showParticleSystems":true,"showVisualEffectGraphs":true,"m_FxEnabled":true},"in2DMode":false,"pivot":{"x":46.72332000732422,"y":9.230487823486329,"z":19.928878784179689},"rotation":{"x":0.06085975840687752,"y":-0.005988746881484985,"z":0.0003661455411929637,"w":0.9981338977813721},"size":75.5809097290039,"orthographic":false}