{"cameraMode":{"drawMode":0,"name":"Shaded","section":"Shading Mode"},"sceneLighting":false,"audioPlay":false,"sceneViewState":{"m_AlwaysRefresh":false,"showFog":true,"showSkybox":false,"showFlares":true,"showImageEffects":true,"showParticleSystems":true,"showVisualEffectGraphs":true,"m_FxEnabled":true},"in2DMode":false,"pivot":{"x":882.8659057617188,"y":15.085899353027344,"z":1.649505615234375},"rotation":{"x":0.03838672861456871,"y":0.010492219589650631,"z":-0.0004018980253022164,"w":0.9992132186889648},"size":263.5816650390625,"orthographic":false}