{"cameraMode":{"drawMode":0,"name":"Shaded","section":"Shading Mode"},"sceneLighting":false,"audioPlay":false,"sceneViewState":{"m_AlwaysRefresh":false,"showFog":true,"showSkybox":false,"showFlares":true,"showImageEffects":true,"showParticleSystems":true,"showVisualEffectGraphs":true,"m_FxEnabled":true},"in2DMode":false,"pivot":{"x":488.9540710449219,"y":184.35345458984376,"z":-0.51318359375},"rotation":{"x":0.008397781290113926,"y":0.004499884322285652,"z":-0.000036681649362435564,"w":0.9999597668647766},"size":289.6906433105469,"orthographic":false}