{"cameraMode":{"drawMode":0,"name":"Shaded","section":"Shading Mode"},"sceneLighting":false,"audioPlay":false,"sceneViewState":{"m_AlwaysRefresh":false,"showFog":true,"showSkybox":false,"showFlares":true,"showImageEffects":true,"showParticleSystems":true,"showVisualEffectGraphs":true,"m_FxEnabled":true},"in2DMode":false,"pivot":{"x":500.027587890625,"y":288.36248779296877,"z":2.054046630859375},"rotation":{"x":0.01439765002578497,"y":-0.0014998181723058224,"z":0.00002269602191518061,"w":0.9999001622200012},"size":105.16516876220703,"orthographic":false}