{"cameraMode":{"drawMode":0,"name":"Shaded","section":"Shading Mode"},"sceneLighting":false,"audioPlay":false,"sceneViewState":{"m_AlwaysRefresh":false,"showFog":true,"showSkybox":false,"showFlares":true,"showImageEffects":true,"showParticleSystems":true,"showVisualEffectGraphs":true,"m_FxEnabled":true},"in2DMode":false,"pivot":{"x":716.4527587890625,"y":-61.4813232421875,"z":-0.7758636474609375},"rotation":{"x":0.002398035954684019,"y":0.004500080831348896,"z":-0.000009583103746990673,"w":0.9999924302101135},"size":370.5433349609375,"orthographic":false}