{"cameraMode":{"drawMode":0,"name":"Shaded","section":"Shading Mode"},"sceneLighting":true,"audioPlay":false,"sceneViewState":{"m_AlwaysRefresh":false,"showFog":true,"showSkybox":true,"showFlares":true,"showImageEffects":true,"showParticleSystems":true,"showVisualEffectGraphs":true,"m_FxEnabled":true},"in2DMode":false,"pivot":{"x":521.47509765625,"y":256.70428466796877,"z":24.575042724609376},"rotation":{"x":0.020396605134010316,"y":0.004499237518757582,"z":-0.00009080876770894974,"w":0.9997844099998474},"size":255.3151397705078,"orthographic":false}