{"cameraMode":{"drawMode":0,"name":"Shaded","section":"Shading Mode"},"sceneLighting":true,"audioPlay":false,"sceneViewState":{"m_AlwaysRefresh":false,"showFog":true,"showSkybox":true,"showFlares":true,"showImageEffects":true,"showParticleSystems":true,"showVisualEffectGraphs":true,"m_FxEnabled":true},"in2DMode":false,"pivot":{"x":128.35922241210938,"y":100.32363891601563,"z":-204.36312866210938},"rotation":{"x":-0.16832959651947022,"y":0.38768061995506289,"z":-0.07224301993846894,"w":-0.9034410715103149},"size":307.90826416015627,"orthographic":false}