{"cameraMode":{"drawMode":0,"name":"Shaded","section":"Shading Mode"},"sceneLighting":true,"audioPlay":false,"sceneViewState":{"m_AlwaysRefresh":false,"showFog":true,"showSkybox":true,"showFlares":true,"showImageEffects":true,"showParticleSystems":true,"showVisualEffectGraphs":true,"m_FxEnabled":true},"in2DMode":false,"pivot":{"x":284.62799072265627,"y":232.83193969726563,"z":12.57379150390625},"rotation":{"x":-0.013212224468588829,"y":0.0018528637010604144,"z":-0.00003175270103383809,"w":-0.9999378323554993},"size":780.5035400390625,"orthographic":false}