{"cameraMode":{"drawMode":0,"name":"Shaded","section":"Shading Mode"},"sceneLighting":true,"audioPlay":false,"sceneViewState":{"m_AlwaysRefresh":false,"showFog":true,"showSkybox":true,"showFlares":true,"showImageEffects":true,"showParticleSystems":true,"showVisualEffectGraphs":true,"m_FxEnabled":true},"in2DMode":false,"pivot":{"x":423.4161682128906,"y":125.92185974121094,"z":-10.056442260742188},"rotation":{"x":0.036888882517814639,"y":-0.007494782097637653,"z":0.00027787595172412694,"w":0.9992973804473877},"size":231.04412841796876,"orthographic":false}