{"cameraMode":{"drawMode":0,"name":"Shaded","section":"Shading Mode"},"sceneLighting":true,"audioPlay":false,"sceneViewState":{"m_AlwaysRefresh":false,"showFog":true,"showSkybox":true,"showFlares":true,"showImageEffects":true,"showParticleSystems":true,"showVisualEffectGraphs":true,"m_FxEnabled":true},"in2DMode":false,"pivot":{"x":434.9173583984375,"y":148.34597778320313,"z":-134.88644409179688},"rotation":{"x":0.0488780215382576,"y":0.0059932200238108639,"z":-0.00029222274315543473,"w":0.9987916350364685},"size":173.170654296875,"orthographic":false}