{"cameraMode":{"drawMode":0,"name":"Shaded","section":"Shading Mode"},"sceneLighting":true,"audioPlay":false,"sceneViewState":{"m_AlwaysRefresh":false,"showFog":true,"showSkybox":true,"showFlares":true,"showImageEffects":true,"showParticleSystems":true,"showVisualEffectGraphs":true,"m_FxEnabled":true},"in2DMode":false,"pivot":{"x":106.0517807006836,"y":136.48825073242188,"z":82.43710327148438},"rotation":{"x":0.0008980918792076409,"y":0.0015000611310824752,"z":-2.293130592079251e-7,"w":1.0000038146972657},"size":121.79684448242188,"orthographic":false}