{"cameraMode":{"drawMode":0,"name":"Shaded","section":"Shading Mode"},"sceneLighting":true,"audioPlay":false,"sceneViewState":{"m_AlwaysRefresh":false,"showFog":true,"showSkybox":true,"showFlares":true,"showImageEffects":true,"showParticleSystems":true,"showVisualEffectGraphs":true,"m_FxEnabled":true},"in2DMode":false,"pivot":{"x":437.5721435546875,"y":235.29676818847657,"z":-18.61066246032715},"rotation":{"x":-0.028209012001752855,"y":-0.0026461186353117229,"z":0.0000672729656798765,"w":-0.9996259808540344},"size":232.19924926757813,"orthographic":false}