{"cameraMode":{"drawMode":0,"name":"Shaded","section":"Shading Mode"},"sceneLighting":false,"audioPlay":false,"sceneViewState":{"m_AlwaysRefresh":false,"showFog":true,"showSkybox":false,"showFlares":true,"showImageEffects":true,"showParticleSystems":true,"showVisualEffectGraphs":true,"m_FxEnabled":true},"in2DMode":false,"pivot":{"x":486.9892272949219,"y":293.9259033203125,"z":3.06402587890625},"rotation":{"x":0.008397386409342289,"y":-0.010499457828700543,"z":0.00008928448369260877,"w":0.999914824962616},"size":126.50995635986328,"orthographic":false}