{"cameraMode":{"drawMode":0,"name":"Shaded","section":"Shading Mode"},"sceneLighting":false,"audioPlay":false,"sceneViewState":{"m_AlwaysRefresh":false,"showFog":true,"showSkybox":false,"showFlares":true,"showImageEffects":true,"showParticleSystems":true,"showVisualEffectGraphs":true,"m_FxEnabled":true},"in2DMode":false,"pivot":{"x":66.29644775390625,"y":18.76763153076172,"z":-186.1116943359375},"rotation":{"x":-0.028209012001752855,"y":-0.0026461186353117229,"z":0.0000672729656798765,"w":-0.9996259808540344},"size":70.71067810058594,"orthographic":false}