{"cameraMode":{"drawMode":0,"name":"Shaded","section":"Shading Mode"},"sceneLighting":false,"audioPlay":false,"sceneViewState":{"m_AlwaysRefresh":false,"showFog":true,"showSkybox":false,"showFlares":true,"showImageEffects":true,"showParticleSystems":true,"showVisualEffectGraphs":true,"m_FxEnabled":true},"in2DMode":false,"pivot":{"x":-321.1896667480469,"y":199.48135375976563,"z":44.60986328125},"rotation":{"x":0.014396305195987225,"y":-0.013498171232640744,"z":0.00019557078485377133,"w":0.9998108744621277},"size":503.70159912109377,"orthographic":false}