{"cameraMode":{"drawMode":0,"name":"Shaded","section":"Shading Mode"},"sceneLighting":false,"audioPlay":false,"sceneViewState":{"m_AlwaysRefresh":false,"showFog":true,"showSkybox":false,"showFlares":true,"showImageEffects":true,"showParticleSystems":true,"showVisualEffectGraphs":true,"m_FxEnabled":true},"in2DMode":false,"pivot":{"x":808.6893920898438,"y":133.64739990234376,"z":-3.09063720703125},"rotation":{"x":0.015896691009402276,"y":0.008998814038932324,"z":-0.00014194803952705115,"w":0.9998373985290527},"size":374.5033874511719,"orthographic":false}