{"cameraMode":{"drawMode":0,"name":"Shaded","section":"Shading Mode"},"sceneLighting":false,"audioPlay":false,"sceneViewState":{"m_AlwaysRefresh":false,"showFog":true,"showSkybox":false,"showFlares":true,"showImageEffects":true,"showParticleSystems":true,"showVisualEffectGraphs":true,"m_FxEnabled":true},"in2DMode":false,"pivot":{"x":35.44916915893555,"y":212.0138702392578,"z":-20.00189208984375},"rotation":{"x":-0.012601294554769993,"y":-0.008999183773994446,"z":-0.00011227492359466851,"w":0.9998828172683716},"size":745.9188842773438,"orthographic":false}