{"cameraMode":{"drawMode":0,"name":"Shaded","section":"Shading Mode"},"sceneLighting":false,"audioPlay":false,"sceneViewState":{"m_AlwaysRefresh":false,"showFog":true,"showSkybox":false,"showFlares":true,"showImageEffects":true,"showParticleSystems":true,"showVisualEffectGraphs":true,"m_FxEnabled":true},"in2DMode":false,"pivot":{"x":87.82110595703125,"y":36.540096282958987,"z":-7.4617767333984379},"rotation":{"x":0.01439765002578497,"y":-0.0014998181723058224,"z":0.00002269602191518061,"w":0.9999001622200012},"size":305.57684326171877,"orthographic":false}