{"cameraMode":{"drawMode":0,"name":"Shaded","section":"Shading Mode"},"sceneLighting":false,"audioPlay":false,"sceneViewState":{"m_AlwaysRefresh":false,"showFog":true,"showSkybox":false,"showFlares":true,"showImageEffects":true,"showParticleSystems":true,"showVisualEffectGraphs":true,"m_FxEnabled":true},"in2DMode":false,"pivot":{"x":34.597286224365237,"y":183.28684997558595,"z":-3.3952789306640627},"rotation":{"x":0.01439765002578497,"y":-0.0014998181723058224,"z":0.00002269602191518061,"w":0.9999001622200012},"size":228.48167419433595,"orthographic":false}