{"cameraMode":{"drawMode":0,"name":"Shaded","section":"Shading Mode"},"sceneLighting":false,"audioPlay":false,"sceneViewState":{"m_AlwaysRefresh":false,"showFog":true,"showSkybox":false,"showFlares":true,"showImageEffects":true,"showParticleSystems":true,"showVisualEffectGraphs":true,"m_FxEnabled":true},"in2DMode":false,"pivot":{"x":139.92599487304688,"y":-187.53179931640626,"z":-1.0908203125},"rotation":{"x":-0.013212224468588829,"y":0.0018528637010604144,"z":-0.00003175270103383809,"w":-0.9999378323554993},"size":1545.8587646484375,"orthographic":false}