{"cameraMode":{"drawMode":0,"name":"Shaded","section":"Shading Mode"},"sceneLighting":false,"audioPlay":false,"sceneViewState":{"m_AlwaysRefresh":false,"showFog":true,"showSkybox":false,"showFlares":true,"showImageEffects":true,"showParticleSystems":true,"showVisualEffectGraphs":true,"m_FxEnabled":true},"in2DMode":false,"pivot":{"x":412.56134033203127,"y":-686.6348266601563,"z":-13.277587890625},"rotation":{"x":-0.013212224468588829,"y":0.0018528637010604144,"z":-0.00003175270103383809,"w":-0.9999378323554993},"size":684.9266967773438,"orthographic":false}